"id","time","band","rx_sign","rx_lat","rx_lon","rx_loc","tx_sign","tx_lat","tx_lon","tx_loc","distance","azimuth","rx_azimuth","frequency","power","snr","drift","version","code"
3845085540,"2022-01-26 18:04:00",10,"N2ADV",43.021,-75.625,"FN23ea","KR9T",42.229,-87.792,"EN62cf",998,81,269,10140296,3,-20,0,"2.5.4",1
3845085816,"2022-01-26 18:04:00",10,"WD4ELG",36.188,-79.875,"FM06be","KR9T",42.229,-87.792,"EN62cf",957,132,317,10140281,3,-25,0,"2.5.0",1
3845086999,"2022-01-26 18:04:00",10,"WZ7I",40.438,-75.125,"FN20kk","KR9T",42.229,-87.792,"EN62cf",1075,96,284,10140220,3,-28,0,"CWSL_DIGI",1
3845087340,"2022-01-26 18:04:00",10,"KD2OM",42.979,-77.458,"FN12gx","KR9T",42.229,-87.792,"EN62cf",849,81,267,10140281,3,-22,0,"WD_2.10k",1
3845087643,"2022-01-26 18:04:00",10,"N2HQI",43.021,-76.458,"FN13sa","KR9T",42.229,-87.792,"EN62cf",931,81,268,10140306,3,-25,0,"",1
3845087786,"2022-01-26 18:04:00",10,"KX4O",38.646,-77.792,"FM18cp","KR9T",42.229,-87.792,"EN62cf",935,112,298,10140284,3,-24,0,"WD_2.10k",1
3845089545,"2022-01-26 18:06:00",10,"N2ADV",43.021,-75.625,"FN23ea","KR9T",42.271,-87.708,"EN62dg",991,81,269,10140296,13,-25,0,"2.5.4",1
3845090352,"2022-01-26 18:06:00",10,"WD4ELG",36.188,-79.875,"FM06be","KR9T",42.271,-87.708,"EN62dg",955,133,317,10140281,13,-23,0,"2.5.0",1
3845090867,"2022-01-26 18:06:00",10,"N6GN/K",40.604,-105.208,"DN70jo","KR9T",42.271,-87.708,"EN62dg",1468,269,76,10140282,13,-25,0,"WD_2.10k",1
3845092209,"2022-01-26 18:06:00",10,"KD2OM",42.979,-77.458,"FN12gx","KR9T",42.271,-87.708,"EN62dg",842,81,268,10140281,13,-25,0,"WD_2.10k",1
3845092629,"2022-01-26 18:06:00",10,"KX4O",38.646,-77.792,"FM18cp","KR9T",42.271,-87.708,"EN62dg",930,112,298,10140284,13,-23,0,"WD_2.10k",1
3845114566,"2022-01-26 18:14:00",14,"KPH",38.104,-122.958,"CM88mc","KR9T",42.271,-87.708,"EN62dg",3008,273,69,14097012,3,-19,0,"WD_2.10k",1
3845114769,"2022-01-26 18:14:00",14,"KA7OEI-1",41.604,-112.292,"DN31uo","KR9T",42.271,-87.708,"EN62dg",2028,276,79,14097022,3,-12,0,"WD_2.10k",1
3845114897,"2022-01-26 18:14:00",14,"N2HQI",43.021,-76.458,"FN13sa","KR9T",42.271,-87.708,"EN62dg",923,81,268,14097046,3,-27,0,"WD_2.10k",1
3845114929,"2022-01-26 18:14:00",14,"EA8BFK",28.604,-13.875,"IL38bo","KR9T",42.271,-87.708,"EN62dg",6650,77,304,14097018,3,-23,0,"WD_2.10k",1
3845114984,"2022-01-26 18:14:00",14,"WZ7I",40.438,-75.125,"FN20kk","KR9T",42.271,-87.708,"EN62dg",1069,97,285,14096994,3,-27,0,"CWSL_DIGI",1
3845115436,"2022-01-26 18:14:00",14,"KB9AMG",42.979,-88.375,"EN52tx","KR9T",42.271,-87.708,"EN62dg",96,326,145,14097013,3,-15,0,"1.6.1-deve",1
3845115727,"2022-01-26 18:14:00",14,"KM3T",42.813,-71.625,"FN42et","KR9T",42.271,-87.708,"EN62dg",1317,82,272,14097004,3,-3,0,"CWSL_DIGI",1
3845134766,"2022-01-26 18:14:00",14,"AI6VN/KH6",20.979,-156.542,"BL10rx","KR9T",42.271,-87.625,"EN62eg",6750,273,52,14097012,3,-24,0,"WD_3.0a",1
3845111277,"2022-01-26 18:14:00",14,"W1JV",42.563,-70.875,"FN42nn","KR9T",42.271,-87.708,"EN62dg",1380,83,274,14097026,3,-22,0,"2.2.156",1
3845111292,"2022-01-26 18:14:00",14,"AA6DY",42.188,-87.792,"EN62ce","KR9T",42.271,-87.708,"EN62dg",12,217,36,14097015,3,-1,0,"2.1.0",1
3845111551,"2022-01-26 18:14:00",14,"KD2LZI",42.813,-74.208,"FN22vt","KR9T",42.271,-87.708,"EN62dg",1106,82,271,14097206,3,-12,0,"",1
3845111592,"2022-01-26 18:14:00",14,"K4COD",33.104,-84.458,"EM73sc","KR9T",42.271,-87.708,"EN62dg",1058,163,345,14097012,3,-21,0,"2.1.2",1
3845111730,"2022-01-26 18:14:00",14,"NU1T",42.479,-71.042,"FN42","KR9T",42.271,-87.708,"EN62dg",1367,83,274,14097013,3,-14,0,"2.2.158",1
3845111824,"2022-01-26 18:14:00",14,"N8OWY",41.938,-87.708,"EN61dw","KR9T",42.271,-87.708,"EN62dg",37,180,0,14097016,3,-19,0,"2.1.2",1
3845111844,"2022-01-26 18:14:00",14,"WD0E",39.521,-104.625,"DM79qm","KR9T",42.271,-87.708,"EN62dg",1452,264,72,14097019,3,-7,0,"2.1.2",1
3845111887,"2022-01-26 18:14:00",14,"WY1U",41.479,-72.875,"FN31nl","KR9T",42.271,-87.708,"EN62dg",1230,89,279,14097012,3,-19,0,"2.0.0",1
3845112136,"2022-01-26 18:14:00",14,"KI5CEA",38.354,-104.708,"DM78pi","KR9T",42.271,-87.708,"EN62dg",1503,259,67,14097014,3,-20,-1,"2.5.4",1
3845112423,"2022-01-26 18:14:00",14,"K5XL",32.646,-97.125,"EM12kp","KR9T",42.271,-87.708,"EN62dg",1353,221,35,14097012,3,-3,0,"2.5.1",1
3845112450,"2022-01-26 18:14:00",14,"KK9H",42.271,-87.708,"EN62dg","KR9T",42.271,-87.708,"EN62dg",59,67,0,14097011,3,10,0,"2.3.1",1
3845112558,"2022-01-26 18:14:00",14,"KN4NBI",36.813,-76.125,"FM16wt","KR9T",42.271,-87.708,"EN62dg",1162,118,305,14097023,3,-29,0,"2.1.0",1
3845112706,"2022-01-26 18:14:00",14,"WB8SCG",36.896,-76.625,"FM16qv","KR9T",42.271,-87.708,"EN62dg",1121,119,305,14097011,3,-19,0,"2.5.0",1
3845112891,"2022-01-26 18:14:00",14,"N1PCE",44.354,-71.625,"FN44ei","KR9T",42.271,-87.708,"EN62dg",1319,74,265,14097045,3,-21,1,"2.4.0",1
3845112961,"2022-01-26 18:14:00",14,"W5CSR",31.188,-89.625,"EM51ee","KR9T",42.271,-87.708,"EN62dg",1244,188,7,14097018,3,-18,0,"2.3.1",1
3845113022,"2022-01-26 18:14:00",14,"KE7A",32.979,-97.125,"EM12kx","KR9T",42.271,-87.708,"EN62dg",1323,222,35,14097012,3,-12,0,"2.5.4",1
3845113098,"2022-01-26 18:14:00",14,"N6GN/K",40.604,-105.208,"DN70jo","KR9T",42.271,-87.708,"EN62dg",1468,269,76,14097012,3,-7,0,"WD_2.10k",1
3845113791,"2022-01-26 18:14:00",14,"WA2TP",40.854,-73.042,"FN30lu","KR9T",42.271,-87.708,"EN62dg",1229,92,282,14097013,3,-10,0,"WD_2.10k",1
3845113801,"2022-01-26 18:14:00",14,"AG7YP",45.646,-111.042,"DN45lp","KR9T",42.271,-87.708,"EN62dg",1898,289,93,14097008,3,-27,1,"WD_2.10k",1
3845117151,"2022-01-26 18:16:00",14,"AA6DY",42.188,-87.792,"EN62ce","KR9T",42.271,-87.625,"EN62eg",17,236,56,14097016,30,-2,0,"2.1.0",1
3845115910,"2022-01-26 18:16:00",14,"WD0E",39.521,-104.625,"DM79qm","KR9T",42.271,-87.625,"EN62eg",1459,264,72,14097020,30,-13,0,"2.1.2",1
3845115980,"2022-01-26 18:16:00",14,"KN4NBI",36.813,-76.125,"FM16wt","KR9T",42.271,-87.625,"EN62eg",1156,118,305,14097023,30,-27,0,"2.1.0",1
3845116144,"2022-01-26 18:16:00",14,"KK9H",42.271,-87.625,"EN62eg","KR9T",42.271,-87.625,"EN62eg",53,64,0,14097011,30,11,0,"2.3.1",1
3845116579,"2022-01-26 18:16:00",14,"W5CSR",31.188,-89.625,"EM51ee","KR9T",42.271,-87.625,"EN62eg",1245,189,7,14097018,30,-16,0,"2.3.1",1
3845116739,"2022-01-26 18:16:00",14,"WY1U",41.479,-72.875,"FN31nl","KR9T",42.271,-87.625,"EN62eg",1223,89,279,14097012,30,-18,0,"2.0.0",1
3845116948,"2022-01-26 18:16:00",14,"KI5CEA",38.354,-104.708,"DM78pi","KR9T",42.271,-87.625,"EN62eg",1510,259,67,14097013,30,-19,0,"2.5.4",1
3845117077,"2022-01-26 18:16:00",14,"K4COD",33.104,-84.458,"EM73sc","KR9T",42.271,-87.625,"EN62eg",1056,164,345,14097013,30,-20,0,"2.1.2",1
3845115837,"2022-01-26 18:16:00",14,"W1JV",42.563,-70.875,"FN42nn","KR9T",42.271,-87.625,"EN62eg",1373,83,274,14097026,30,-23,0,"2.2.156",1
3845117253,"2022-01-26 18:16:00",14,"N8OWY",41.938,-87.708,"EN61dw","KR9T",42.271,-87.625,"EN62eg",38,191,10,14097017,30,-18,0,"2.1.2",1
3845117528,"2022-01-26 18:16:00",14,"K5XL",32.646,-97.125,"EM12kp","KR9T",42.271,-87.625,"EN62eg",1358,221,35,14097012,30,-7,0,"2.5.1",1
3845117802,"2022-01-26 18:16:00",14,"WA2TP",40.854,-73.042,"FN30lu","KR9T",42.271,-87.625,"EN62eg",1222,93,282,14097013,30,-7,0,"WD_2.10k",1
3845118307,"2022-01-26 18:16:00",14,"N6GN/K",40.604,-105.208,"DN70jo","KR9T",42.271,-87.625,"EN62eg",1475,269,77,14097012,30,-7,0,"WD_2.10k",1
3845118308,"2022-01-26 18:16:00",14,"AG7YP",45.646,-111.042,"DN45lp","KR9T",42.271,-87.625,"EN62eg",1904,289,92,14097008,30,-27,0,"WD_2.10k",1
3845118806,"2022-01-26 18:16:00",14,"N1PCE",44.354,-71.625,"FN44ei","KR9T",42.271,-87.625,"EN62eg",1313,74,265,14097045,30,-27,0,"2.4.0",1
3845118866,"2022-01-26 18:16:00",14,"N2HQI",43.021,-76.458,"FN13sa","KR9T",42.271,-87.625,"EN62eg",916,81,268,14097046,30,-21,0,"WD_2.10k",1
3845119159,"2022-01-26 18:16:00",14,"W1BW-1",41.229,-70.125,"FN41wf","KR9T",42.271,-87.625,"EN62eg",1454,89,280,14097018,30,-17,0,"",1
3845119629,"2022-01-26 18:16:00",14,"KPH",38.104,-122.958,"CM88mc","KR9T",42.271,-87.625,"EN62eg",3015,273,69,14097012,30,-17,0,"WD_2.10k",1
3845119672,"2022-01-26 18:16:00",14,"WZ7I",40.438,-75.125,"FN20kk","KR9T",42.271,-87.625,"EN62eg",1062,97,285,14096994,30,-20,0,"CWSL_DIGI",1
3845119759,"2022-01-26 18:16:00",14,"EA8BFK",28.604,-13.875,"IL38bo","KR9T",42.271,-87.625,"EN62eg",6644,77,304,14097018,30,-19,0,"WD_2.10k",1
3845120048,"2022-01-26 18:16:00",14,"KB9AMG",42.979,-88.375,"EN52tx","KR9T",42.271,-87.625,"EN62eg",100,322,141,14097013,30,-13,0,"1.6.1-deve",1
3845120442,"2022-01-26 18:16:00",14,"VE4KRK",49.854,-97.458,"EN19gu","KR9T",42.271,-87.625,"EN62eg",1132,321,134,14097014,30,-17,0,"1.3 Kiwi",1
3845120618,"2022-01-26 18:16:00",14,"W2GNN",40.313,-74.625,"FN20qh","KR9T",42.271,-87.625,"EN62eg",1107,97,285,14097054,30,-22,0,"",1
3845120655,"2022-01-26 18:16:00",14,"KM3T",42.813,-71.625,"FN42et","KR9T",42.271,-87.625,"EN62eg",1310,82,272,14097004,30,-9,0,"CWSL_DIGI",1
3845165232,"2022-01-26 18:34:00",10,"WD4ELG",36.188,-79.875,"FM06be","KR9T",42.271,-87.625,"EN62eg",950,133,317,10140168,7,-12,0,"2.5.0",1
3845165784,"2022-01-26 18:34:00",10,"AL7DS",41.563,-87.875,"EN61bn","KR9T",42.271,-87.625,"EN62eg",81,195,14,10140162,7,-24,0,"2.3.0",1
3845166526,"2022-01-26 18:34:00",10,"N6GN/K",40.604,-105.208,"DN70jo","KR9T",42.271,-87.625,"EN62eg",1475,269,77,10140169,7,-27,0,"WD_2.10k",1
3845166996,"2022-01-26 18:34:00",10,"KX4O",38.646,-77.792,"FM18cp","KR9T",42.271,-87.625,"EN62eg",924,113,298,10140171,7,-24,0,"WD_2.10k",1
3845168885,"2022-01-26 18:36:00",10,"WD4ELG",36.188,-79.875,"FM06be","KR9T",42.271,-87.542,"EN62fg",945,133,318,10140168,3,-26,0,"2.5.0",1
3845168920,"2022-01-26 18:36:00",10,"N2ADV",43.021,-75.625,"FN23ea","KR9T",42.271,-87.542,"EN62fg",977,81,269,10140183,3,-22,0,"2.5.4",1
3845170848,"2022-01-26 18:36:00",10,"N6GN/K",40.604,-105.208,"DN70jo","KR9T",42.271,-87.542,"EN62fg",1482,269,77,10140169,3,-28,0,"WD_2.10k",1
3845170882,"2022-01-26 18:36:00",10,"WZ7I",40.438,-75.125,"FN20kk","KR9T",42.271,-87.542,"EN62fg",1055,97,285,10140108,3,-25,0,"CWSL_DIGI",1
3845171803,"2022-01-26 18:36:00",10,"KX4O",38.646,-77.792,"FM18cp","KR9T",42.271,-87.542,"EN62fg",917,113,299,10140172,3,-24,-1,"WD_2.10k",1
3845181237,"2022-01-26 18:36:00",10,"N2HQI",43.021,-76.458,"FN13sa","KR9T",42.271,-87.542,"EN62fg",910,81,268,10140193,3,-26,0,"",1
3845190541,"2022-01-26 18:44:00",14,"W4ERJ",33.563,-81.708,"EM93dn","KR9T",42.271,-87.542,"EN62fg",1095,150,333,14097159,7,-20,0,"2.2.1",1
3845214517,"2022-01-26 18:44:00",14,"AI6VN/KH6",20.979,-156.542,"BL10rx","KR9T",42.229,-87.458,"EN62gf",6764,273,52,14097135,7,-21,0,"WD_3.0a",1
3845189632,"2022-01-26 18:44:00",14,"N8OWY",41.938,-87.708,"EN61dw","KR9T",42.271,-87.542,"EN62fg",40,200,20,14097138,7,-9,0,"2.1.2",1
3845189893,"2022-01-26 18:44:00",14,"W5XTT",30.521,-96.125,"EM10wm","KR9T",42.271,-87.542,"EN62fg",1514,213,27,14097135,7,-12,0,"2.1.2",1
3845190023,"2022-01-26 18:44:00",14,"NU1T",42.479,-71.042,"FN42","KR9T",42.271,-87.542,"EN62fg",1353,83,274,14097136,7,-23,0,"2.2.158",1
3845190396,"2022-01-26 18:44:00",14,"KI5CEA",38.354,-104.708,"DM78pi","KR9T",42.271,-87.542,"EN62fg",1516,259,67,14097135,7,-21,0,"2.5.4",1
3845190409,"2022-01-26 18:44:00",14,"WD0E",39.521,-104.625,"DM79qm","KR9T",42.271,-87.542,"EN62fg",1465,264,72,14097141,7,-14,0,"2.1.2",1
3845190503,"2022-01-26 18:44:00",14,"N2NOM",42.271,-75.875,"FN22bg","KR9T",42.271,-87.542,"EN62fg",959,86,273,14097140,7,-3,0,"2.5.4",1
3845189569,"2022-01-26 18:44:00",14,"K4JOP",32.604,-85.458,"EM72go","KR9T",42.271,-87.542,"EN62fg",1090,170,350,14097150,7,-20,0,"2.5.4",1
3845190654,"2022-01-26 18:44:00",14,"AA6DY",42.188,-87.792,"EN62ce","KR9T",42.271,-87.542,"EN62fg",23,246,65,14097137,7,5,0,"2.1.0",1
3845190791,"2022-01-26 18:44:00",14,"W5CSR",31.188,-89.625,"EM51ee","KR9T",42.271,-87.542,"EN62fg",1246,189,7,14097140,7,-10,-1,"2.3.1",1
3845191008,"2022-01-26 18:44:00",14,"KB9LM",42.188,-87.792,"EN62ce","KR9T",42.271,-87.542,"EN62fg",23,246,65,14097135,7,5,0,"2.3.0",1
3845191200,"2022-01-26 18:44:00",14,"K5XL",32.646,-97.125,"EM12kp","KR9T",42.271,-87.542,"EN62fg",1362,221,35,14097134,7,-5,0,"2.5.1",1
3845191341,"2022-01-26 18:44:00",14,"K4IQJ",32.563,-85.458,"EM72gn","KR9T",42.271,-87.542,"EN62fg",1095,170,350,14097138,7,-12,-3,"2.2.2",1
3845191491,"2022-01-26 18:44:00",14,"WA2TP",40.854,-73.042,"FN30lu","KR9T",42.271,-87.542,"EN62fg",1215,93,282,14097135,7,-4,0,"WD_2.10k",1
3845191649,"2022-01-26 18:44:00",14,"N6GN/K",40.604,-105.208,"DN70jo","KR9T",42.271,-87.542,"EN62fg",1482,269,77,14097134,7,-6,0,"WD_2.10k",1
3845191679,"2022-01-26 18:44:00",14,"WB8SCG",36.896,-76.625,"FM16qv","KR9T",42.271,-87.542,"EN62fg",1109,119,305,14097133,7,-14,0,"2.5.0",1
3845191778,"2022-01-26 18:44:00",14,"N1PCE",44.354,-71.625,"FN44ei","KR9T",42.271,-87.542,"EN62fg",1306,74,265,14097164,7,-22,0,"2.4.0",1
3845192132,"2022-01-26 18:44:00",14,"W1BW-1",41.229,-70.125,"FN41wf","KR9T",42.271,-87.542,"EN62fg",1447,89,280,14097140,7,-24,0,"",1
3845192957,"2022-01-26 18:44:00",14,"KPH",38.104,-122.958,"CM88mc","KR9T",42.271,-87.542,"EN62fg",3022,273,69,14097133,7,-19,0,"WD_2.10k",1
3845193171,"2022-01-26 18:44:00",14,"KA7OEI-1",41.604,-112.292,"DN31uo","KR9T",42.271,-87.542,"EN62fg",2041,276,79,14097132,7,-4,0,"WD_2.10k",1
3845193225,"2022-01-26 18:44:00",14,"ND7M",36.229,-116.042,"DM16xf","KR9T",42.271,-87.542,"EN62fg",2531,264,65,14097136,7,-24,0,"WD_2.10k",1
3845193230,"2022-01-26 18:44:00",14,"EA8BFK",28.604,-13.875,"IL38bo","KR9T",42.271,-87.542,"EN62fg",6637,77,304,14097139,7,-22,0,"WD_2.10k",1
3845193460,"2022-01-26 18:44:00",14,"KB9AMG",42.979,-88.375,"EN52tx","KR9T",42.271,-87.542,"EN62fg",104,319,138,14097135,7,-9,0,"1.6.1-deve",1
3845193567,"2022-01-26 18:44:00",14,"KM3T",42.813,-71.625,"FN42et","KR9T",42.271,-87.542,"EN62fg",1303,82,272,14097126,7,-14,0,"CWSL_DIGI",1
3845194125,"2022-01-26 18:44:00",14,"W2GNN",40.313,-74.625,"FN20qh","KR9T",42.271,-87.542,"EN62fg",1100,97,285,14097177,7,-18,0,"",1
3845204247,"2022-01-26 18:44:00",14,"DM07SWL",37.479,-119.042,"DM07","KR9T",42.229,-87.458,"EN62gf",2731,269,68,14097139,7,-21,0,"SparkSDR",1
3845189625,"2022-01-26 18:44:00",14,"KK9H",42.271,-87.542,"EN62fg","KR9T",42.271,-87.542,"EN62fg",47,60,0,14097133,7,10,0,"2.3.1",1
3845194308,"2022-01-26 18:46:00",14,"W1JV",42.563,-70.875,"FN42nn","KR9T",42.229,-87.458,"EN62gf",1360,83,274,14097150,20,-22,0,"2.2.156",1
3845194682,"2022-01-26 18:46:00",14,"K4JOP",32.604,-85.458,"EM72go","KR9T",42.229,-87.458,"EN62gf",1085,170,351,14097149,20,-14,0,"2.5.4",1
3845194725,"2022-01-26 18:46:00",14,"WY1U",41.479,-72.875,"FN31nl","KR9T",42.229,-87.458,"EN62gf",1209,89,278,14097134,20,-21,0,"2.0.0",1
3845194892,"2022-01-26 18:46:00",14,"N8OWY",41.938,-87.708,"EN61dw","KR9T",42.229,-87.458,"EN62gf",38,213,32,14097139,20,-10,0,"2.1.2",1
3845195422,"2022-01-26 18:46:00",14,"KI5CEA",38.354,-104.708,"DM78pi","KR9T",42.229,-87.458,"EN62gf",1522,259,68,14097135,20,-21,0,"2.5.4",1
3845195496,"2022-01-26 18:46:00",14,"KB9LM",42.188,-87.792,"EN62ce","KR9T",42.229,-87.458,"EN62gf",28,261,80,14097135,20,4,0,"2.3.0",1
3845195576,"2022-01-26 18:46:00",14,"W4ERJ",33.563,-81.708,"EM93dn","KR9T",42.229,-87.458,"EN62gf",1087,151,334,14097159,20,-17,0,"2.2.1",1
3845195774,"2022-01-26 18:46:00",14,"KK9H",42.229,-87.458,"EN62gf","KR9T",42.229,-87.458,"EN62gf",44,51,0,14097133,20,10,0,"2.3.1",1
3845195784,"2022-01-26 18:46:00",14,"W5CSR",31.188,-89.625,"EM51ee","KR9T",42.229,-87.458,"EN62gf",1243,190,8,14097140,20,-13,0,"2.3.1",1
3845196212,"2022-01-26 18:46:00",14,"N2NOM",42.271,-75.875,"FN22bg","KR9T",42.229,-87.458,"EN62gf",953,86,273,14097140,20,-6,-3,"2.5.4",1
3845196604,"2022-01-26 18:46:00",14,"K4IQJ",32.563,-85.458,"EM72gn","KR9T",42.229,-87.458,"EN62gf",1089,170,351,14097137,20,-13,0,"2.2.2",1
3845196746,"2022-01-26 18:46:00",14,"WA2TP",40.854,-73.042,"FN30lu","KR9T",42.229,-87.458,"EN62gf",1208,92,282,14097135,20,-5,0,"WD_2.10k",1
3845196831,"2022-01-26 18:46:00",14,"N6GN/K",40.604,-105.208,"DN70jo","KR9T",42.229,-87.458,"EN62gf",1488,269,77,14097133,20,-3,-1,"WD_2.10k",1
3845197571,"2022-01-26 18:46:00",14,"AA6DY",42.188,-87.792,"EN62ce","KR9T",42.229,-87.458,"EN62gf",28,261,80,14097137,20,3,0,"2.1.0",1
3845198185,"2022-01-26 18:46:00",14,"N1PCE",44.354,-71.625,"FN44ei","KR9T",42.229,-87.458,"EN62gf",1301,74,265,14097163,20,-22,-1,"2.4.0",1
3845198659,"2022-01-26 18:46:00",14,"KPH",38.104,-122.958,"CM88mc","KR9T",42.229,-87.458,"EN62gf",3029,273,69,14097134,20,-16,0,"WD_2.10k",1
3845198824,"2022-01-26 18:46:00",14,"KM3T",42.813,-71.625,"FN42et","KR9T",42.229,-87.458,"EN62gf",1297,82,272,14097126,20,-12,0,"CWSL_DIGI",1
3845199611,"2022-01-26 18:46:00",14,"KB9AMG",42.979,-88.375,"EN52tx","KR9T",42.229,-87.458,"EN62gf",112,318,137,14097135,20,-11,0,"1.6.1-deve",1
3845199646,"2022-01-26 18:46:00",14,"W3LLA",40.563,-105.042,"DN70ln","KR9T",42.229,-87.458,"EN62gf",1476,269,77,14097136,20,-18,0,"1.3 Kiwi",1
3845218957,"2022-01-26 18:46:00",14,"AI6VN/KH6",20.979,-156.542,"BL10rx","KR9T",42.229,-87.458,"EN62gf",6764,273,52,14097135,20,-24,0,"WD_3.0a",1
3845242080,"2022-01-26 19:04:00",10,"N2ADV",43.021,-75.625,"FN23ea","KR9T",42.229,-87.458,"EN62gf",971,81,268,10140158,10,-14,0,"2.5.4",1
3845242721,"2022-01-26 19:04:00",10,"N2NOM",42.271,-75.875,"FN22bg","KR9T",42.229,-87.458,"EN62gf",953,86,273,10140146,10,-15,0,"2.5.4",1
3845243591,"2022-01-26 19:04:00",10,"N6GN/K",40.604,-105.208,"DN70jo","KR9T",42.229,-87.458,"EN62gf",1488,269,77,10140144,10,-28,0,"WD_2.10k",1
3845244004,"2022-01-26 19:04:00",10,"KD2OM",42.979,-77.458,"FN12gx","KR9T",42.229,-87.458,"EN62gf",822,81,267,10140149,10,-17,0,"WD_2.10k",1
3845245601,"2022-01-26 19:06:00",10,"WD4ELG",36.188,-79.875,"FM06be","KR9T",42.188,-87.292,"EN62ie",923,134,318,10140143,3,-23,0,"2.5.0",1
3845247388,"2022-01-26 19:06:00",10,"N2NOM",42.271,-75.875,"FN22bg","KR9T",42.188,-87.292,"EN62ie",939,86,273,10140147,3,-22,0,"2.5.4",1
3845247608,"2022-01-26 19:06:00",10,"AL7DS",41.563,-87.875,"EN61bn","KR9T",42.188,-87.292,"EN62ie",85,215,34,10140138,3,-25,0,"2.3.0",1
3845249394,"2022-01-26 19:06:00",10,"KD2OM",42.979,-77.458,"FN12gx","KR9T",42.188,-87.292,"EN62ie",809,80,267,10140150,3,-25,0,"WD_2.10k",1
3845265717,"2022-01-26 19:14:00",14,"W1JV",42.563,-70.875,"FN42nn","KR9T",42.188,-87.292,"EN62ie",1347,83,273,14097194,10,-22,0,"2.2.156",1
3845287395,"2022-01-26 19:14:00",14,"AI6VN/KH6",20.979,-156.542,"BL10rx","KR9T",42.146,-87.208,"EN62jd",6785,273,52,14097181,10,-23,0,"WD_3.0a",1
3845266057,"2022-01-26 19:14:00",14,"KI5CEA",38.354,-104.708,"DM78pi","KR9T",42.188,-87.292,"EN62ie",1535,260,68,14097182,10,-19,-1,"2.5.4",1
3845266215,"2022-01-26 19:14:00",14,"WB8SCG",36.896,-76.625,"FM16qv","KR9T",42.188,-87.292,"EN62ie",1086,119,306,14097179,10,-23,0,"2.5.0",1
3845266328,"2022-01-26 19:14:00",14,"KB9LM",42.188,-87.792,"EN62ce","KR9T",42.188,-87.292,"EN62ie",41,270,89,14097181,10,-8,0,"2.3.0",1
3845266605,"2022-01-26 19:14:00",14,"AA6DY",42.188,-87.792,"EN62ce","KR9T",42.188,-87.292,"EN62ie",41,270,89,14097183,10,-6,0,"2.1.0",1
3845266945,"2022-01-26 19:14:00",14,"WY1U",41.479,-72.875,"FN31nl","KR9T",42.188,-87.292,"EN62ie",1196,89,278,14097180,10,-15,0,"2.0.0",1
3845266956,"2022-01-26 19:14:00",14,"KD9KHZ",43.021,-88.125,"EN53wa","KR9T",42.188,-87.292,"EN62ie",115,324,143,14097094,10,-14,0,"1.3 Kiwi",1
3845267011,"2022-01-26 19:14:00",14,"WD0E",39.521,-104.625,"DM79qm","KR9T",42.188,-87.292,"EN62ie",1485,264,72,14097189,10,-14,0,"2.1.2",1
3845267057,"2022-01-26 19:14:00",14,"KN4NBI",36.813,-76.125,"FM16wt","KR9T",42.188,-87.292,"EN62ie",1128,118,305,14097192,10,-23,0,"2.1.0",1
3845267125,"2022-01-26 19:14:00",14,"N8OWY",41.938,-87.708,"EN61dw","KR9T",42.188,-87.292,"EN62ie",44,231,50,14097184,10,-10,0,"2.1.2",1
3845267140,"2022-01-26 19:14:00",14,"W5CSR",31.188,-89.625,"EM51ee","KR9T",42.188,-87.292,"EN62ie",1241,190,8,14097186,10,-3,0,"2.3.1",1
3845267321,"2022-01-26 19:14:00",14,"K4IQJ",32.563,-85.458,"EM72gn","KR9T",42.188,-87.292,"EN62ie",1082,171,351,14097183,10,-31,-1,"2.2.2",1
3845267515,"2022-01-26 19:14:00",14,"W4ERJ",33.563,-81.708,"EM93dn","KR9T",42.188,-87.292,"EN62ie",1076,151,334,14097205,10,-17,0,"2.2.1",1
3845267640,"2022-01-26 19:14:00",14,"N1PCE",44.354,-71.625,"FN44ei","KR9T",42.188,-87.292,"EN62ie",1289,74,264,14097210,10,-22,0,"2.4.0",1
3845265835,"2022-01-26 19:14:00",14,"KK9H",42.188,-87.292,"EN62ie","KR9T",42.188,-87.292,"EN62ie",38,32,0,14097179,10,-32,0,"2.3.1",1
3845267836,"2022-01-26 19:14:00",14,"KK7AMW",47.521,-122.042,"CN87xm","KR9T",42.188,-87.292,"EN62ie",2778,294,89,14097095,10,-21,0,"WD_2.10k",1
3845267988,"2022-01-26 19:14:00",14,"VE5GRA",53.271,-110.042,"DO43xg","KR9T",42.188,-87.292,"EN62ie",2086,314,117,14097189,10,-32,0,"2.5.4",1
3845268009,"2022-01-26 19:14:00",14,"KPH/N",38.104,-122.958,"CM88mc","KR9T",42.188,-87.292,"EN62ie",3043,273,70,14097181,10,-33,0,"",1
3845268255,"2022-01-26 19:14:00",14,"AB1YX",43.896,-69.958,"FN53av","KR9T",42.188,-87.292,"EN62ie",1419,76,268,14097198,10,-21,0,"0.2r_wsprd",1
3845268267,"2022-01-26 19:14:00",14,"WA2TP",40.854,-73.042,"FN30lu","KR9T",42.188,-87.292,"EN62ie",1194,92,281,14097181,10,-8,0,"WD_2.10k",1
3845268390,"2022-01-26 19:14:00",14,"W1BW-1",41.229,-70.125,"FN41wf","KR9T",42.188,-87.292,"EN62ie",1427,89,279,14097186,10,-21,0,"",1
3845268539,"2022-01-26 19:14:00",14,"AG7YP",45.646,-111.042,"DN45lp","KR9T",42.188,-87.292,"EN62ie",1933,290,92,14097179,10,-27,0,"WD_2.10k",1
3845268761,"2022-01-26 19:14:00",14,"WO7I",40.938,-117.792,"DN10cw","KR9T",42.188,-87.292,"EN62ie",2528,277,76,14097181,10,-26,0,"WD_2.10k",1
3845269128,"2022-01-26 19:14:00",14,"KPH",38.104,-122.958,"CM88mc","KR9T",42.188,-87.292,"EN62ie",3043,273,70,14097179,10,-15,0,"WD_2.10k",1
3845269421,"2022-01-26 19:14:00",14,"EA8BFK",28.604,-13.875,"IL38bo","KR9T",42.188,-87.292,"EN62ie",6619,78,304,14097180,10,-13,0,"WD_2.10k",1
3845269676,"2022-01-26 19:14:00",14,"ND7M",36.229,-116.042,"DM16xf","KR9T",42.188,-87.292,"EN62ie",2551,265,66,14097181,10,-20,0,"WD_2.10k",1
3845269678,"2022-01-26 19:14:00",14,"KK6PR",44.438,-121.292,"CN94ik","KR9T",42.188,-87.292,"EN62ie",2742,287,83,14097181,10,-29,0,"WD_2.10k",1
3845270125,"2022-01-26 19:14:00",14,"AK7V",34.354,-117.625,"DM14ei","KR9T",42.188,-87.292,"EN62ie",2771,262,62,14097168,10,-24,0,"1.3 Kiwi",1
3845270174,"2022-01-26 19:14:00",14,"VE4KRK",49.854,-97.458,"EN19gu","KR9T",42.188,-87.292,"EN62ie",1157,321,133,14097181,10,-22,0,"1.3 Kiwi",1
3845270305,"2022-01-26 19:14:00",14,"KM3T",42.813,-71.625,"FN42et","KR9T",42.188,-87.292,"EN62ie",1284,82,272,14097171,10,-9,0,"CWSL_DIGI",1
3845270338,"2022-01-26 19:14:00",14,"KB9AMG",42.979,-88.375,"EN52tx","KR9T",42.188,-87.292,"EN62ie",125,315,134,14097181,10,-12,0,"1.6.1-deve",1
3845267702,"2022-01-26 19:14:00",14,"N6GN/K",40.604,-105.208,"DN70jo","KR9T",42.188,-87.292,"EN62ie",1502,269,77,14097180,10,-6,0,"WD_2.10k",1
3845270631,"2022-01-26 19:16:00",14,"WD0E",39.521,-104.625,"DM79qm","KR9T",42.146,-87.208,"EN62jd",1491,265,73,14097188,20,-15,0,"2.1.2",1
3845270633,"2022-01-26 19:16:00",14,"KI5CEA",38.354,-104.708,"DM78pi","KR9T",42.146,-87.208,"EN62jd",1541,260,68,14097181,20,-15,0,"2.5.4",1
3845271146,"2022-01-26 19:16:00",14,"NU1T",42.479,-71.042,"FN42","KR9T",42.146,-87.208,"EN62jd",1328,83,273,14097181,20,-16,0,"2.2.158",1
3845271247,"2022-01-26 19:16:00",14,"WY1U",41.479,-72.875,"FN31nl","KR9T",42.146,-87.208,"EN62jd",1189,89,278,14097180,20,-19,0,"2.0.0",1
3845271336,"2022-01-26 19:16:00",14,"KB9LM",42.188,-87.792,"EN62ce","KR9T",42.146,-87.208,"EN62jd",48,276,95,14097181,20,-8,0,"2.3.0",1
3845271372,"2022-01-26 19:16:00",14,"AA6DY",42.188,-87.792,"EN62ce","KR9T",42.146,-87.208,"EN62jd",48,276,95,14097183,20,-7,0,"2.1.0",1
3845271403,"2022-01-26 19:16:00",14,"K5XL",32.646,-97.125,"EM12kp","KR9T",42.146,-87.208,"EN62jd",1370,223,36,14097180,20,-7,0,"2.5.1",1
3845271415,"2022-01-26 19:16:00",14,"KE7A",32.979,-97.125,"EM12kx","KR9T",42.146,-87.208,"EN62jd",1341,224,37,14097181,20,-21,-1,"2.5.4",1
3845272172,"2022-01-26 19:16:00",14,"KK7AMW",47.521,-122.042,"CN87xm","KR9T",42.146,-87.208,"EN62jd",2786,294,89,14097095,20,-23,0,"WD_2.10k",1
3845272215,"2022-01-26 19:16:00",14,"WA2TP",40.854,-73.042,"FN30lu","KR9T",42.146,-87.208,"EN62jd",1187,92,281,14097181,20,-6,0,"WD_2.10k",1
3845291915,"2022-01-26 19:16:00",14,"AI6VN/KH6",20.979,-156.542,"BL10rx","KR9T",42.146,-87.208,"EN62jd",6785,273,52,14097181,20,-25,0,"WD_3.0a",1
3845272392,"2022-01-26 19:16:00",14,"W5CSR",31.188,-89.625,"EM51ee","KR9T",42.146,-87.208,"EN62jd",1237,191,9,14097186,20,-8,0,"2.3.1",1
3845272401,"2022-01-26 19:16:00",14,"W4ERJ",33.563,-81.708,"EM93dn","KR9T",42.146,-87.208,"EN62jd",1069,151,334,14097205,20,-16,0,"2.2.1",1
3845272800,"2022-01-26 19:16:00",14,"KPH/N",38.104,-122.958,"CM88mc","KR9T",42.146,-87.208,"EN62jd",3050,274,70,14097181,20,-27,0,"",1
3845272884,"2022-01-26 19:16:00",14,"VE4KRK",49.854,-97.458,"EN19gu","KR9T",42.146,-87.208,"EN62jd",1165,321,133,14097181,20,-21,0,"1.3 Kiwi",1
3845272989,"2022-01-26 19:16:00",14,"W1BW-1",41.229,-70.125,"FN41wf","KR9T",42.146,-87.208,"EN62jd",1420,88,279,14097186,20,-16,0,"",1
3845273462,"2022-01-26 19:16:00",14,"N1PCE",44.354,-71.625,"FN44ei","KR9T",42.146,-87.208,"EN62jd",1284,74,264,14097210,20,-24,0,"2.4.0",1
3845273844,"2022-01-26 19:16:00",14,"WO7I",40.938,-117.792,"DN10cw","KR9T",42.146,-87.208,"EN62jd",2535,277,76,14097181,20,-20,0,"WD_2.10k",1
3845273879,"2022-01-26 19:16:00",14,"KD9KHZ",43.021,-88.125,"EN53wa","KR9T",42.146,-87.208,"EN62jd",123,323,142,14097094,20,-14,0,"1.3 Kiwi",1
3845274179,"2022-01-26 19:16:00",14,"KPH",38.104,-122.958,"CM88mc","KR9T",42.146,-87.208,"EN62jd",3050,274,70,14097179,20,-16,0,"WD_2.10k",1
3845274301,"2022-01-26 19:16:00",14,"EA8BFK",28.604,-13.875,"IL38bo","KR9T",42.146,-87.208,"EN62jd",6613,78,304,14097185,20,-14,0,"WD_2.10k",1
3845274570,"2022-01-26 19:16:00",14,"KB9AMG",42.979,-88.375,"EN52tx","KR9T",42.146,-87.208,"EN62jd",133,315,133,14097181,20,-14,0,"1.6.1-deve",1
3845275048,"2022-01-26 19:16:00",14,"KM3T",42.813,-71.625,"FN42et","KR9T",42.146,-87.208,"EN62jd",1278,81,271,14097171,20,-9,0,"CWSL_DIGI",1
3845272290,"2022-01-26 19:16:00",14,"N6GN/K",40.604,-105.208,"DN70jo","KR9T",42.146,-87.208,"EN62jd",1509,270,77,14097180,20,-1,0,"WD_2.10k",1
3845337438,"2022-01-26 19:44:00",14,"KB9LM",42.188,-87.792,"EN62ce","KR9T",42.146,-87.208,"EN62jd",48,276,95,14097081,13,-5,0,"2.3.0",1
3845360833,"2022-01-26 19:44:00",14,"AI6VN/KH6",20.979,-156.542,"BL10rx","KR9T",42.063,-86.958,"EN62mb",6806,273,52,14097083,13,-22,1,"WD_3.0a",1
3845337334,"2022-01-26 19:44:00",14,"K4EH",33.438,-84.625,"EM73qk","KR9T",42.146,-87.208,"EN62jd",994,166,347,14097082,13,-21,0,"2.1.2",1
3845337385,"2022-01-26 19:44:00",14,"K0JD",42.896,-87.875,"EN62bv","KR9T",42.146,-87.208,"EN62jd",100,327,146,14097079,13,-17,-3,"2.5.0",1
3845337432,"2022-01-26 19:44:00",14,"K1YZY",41.729,-70.042,"FN41xr","KR9T",42.146,-87.208,"EN62jd",1418,86,277,14097059,13,-25,0,"2.0_r1714",1
3845336956,"2022-01-26 19:44:00",14,"N8OWY",41.938,-87.708,"EN61dw","KR9T",42.146,-87.208,"EN62jd",47,241,60,14097084,13,-9,0,"2.1.2",1
3845337638,"2022-01-26 19:44:00",14,"WB8SCG",36.896,-76.625,"FM16qv","KR9T",42.146,-87.208,"EN62jd",1078,119,306,14097079,13,-19,0,"2.5.0",1
3845337645,"2022-01-26 19:44:00",14,"KN4NBI",36.813,-76.125,"FM16wt","KR9T",42.146,-87.208,"EN62jd",1120,118,305,14097092,13,-26,1,"2.1.0",1
3845337786,"2022-01-26 19:44:00",14,"AJ5S",32.354,-90.292,"EM42ui","KR9T",42.146,-87.208,"EN62jd",1122,195,13,14097125,13,-29,0,"2.5.1",1
3845337813,"2022-01-26 19:44:00",14,"AA6DY",42.188,-87.792,"EN62ce","KR9T",42.146,-87.208,"EN62jd",48,276,95,14097083,13,-3,0,"2.1.0",1
3845337836,"2022-01-26 19:44:00",14,"W5CSR",31.188,-89.625,"EM51ee","KR9T",42.146,-87.208,"EN62jd",1237,191,9,14097087,13,-12,0,"2.3.1",1
3845337847,"2022-01-26 19:44:00",14,"K5AZZ",31.854,-106.625,"DM61qu","KR9T",42.146,-87.208,"EN62jd",2062,243,50,14097082,13,-23,0,"2.5.2",1
3845337871,"2022-01-26 19:44:00",14,"WD0E",39.521,-104.625,"DM79qm","KR9T",42.146,-87.208,"EN62jd",1491,265,73,14097090,13,-18,0,"2.1.2",1
3845338126,"2022-01-26 19:44:00",14,"KG0D",48.021,-123.125,"CN88ka","KR9T",42.146,-87.208,"EN62jd",2867,296,89,14097083,13,-22,0,"SparkSDR",1
3845338206,"2022-01-26 19:44:00",14,"KL7L",61.646,-149.292,"BP51ip","KR9T",42.146,-87.208,"EN62jd",4553,320,88,14097085,13,-16,0,"2.5.0",1
3845338210,"2022-01-26 19:44:00",14,"KD9KHZ",43.021,-88.125,"EN53wa","KR9T",42.146,-87.208,"EN62jd",123,323,142,14096994,13,-15,0,"1.3 Kiwi",1
3845338233,"2022-01-26 19:44:00",14,"WY1U",41.479,-72.875,"FN31nl","KR9T",42.146,-87.208,"EN62jd",1189,89,278,14097080,13,-20,0,"2.0.0",1
3845338609,"2022-01-26 19:44:00",14,"N1PCE",44.354,-71.625,"FN44ei","KR9T",42.146,-87.208,"EN62jd",1284,74,264,14097111,13,-20,0,"2.4.0",1
3845338620,"2022-01-26 19:44:00",14,"W4ERJ",33.563,-81.708,"EM93dn","KR9T",42.146,-87.208,"EN62jd",1069,151,334,14097105,13,-16,0,"2.2.1",1
3845338962,"2022-01-26 19:44:00",14,"KK7AMW",47.521,-122.042,"CN87xm","KR9T",42.146,-87.208,"EN62jd",2786,294,89,14096992,13,-19,0,"WD_2.10k",1
3845339050,"2022-01-26 19:44:00",14,"W4HOD",32.604,-85.625,"EM72eo","KR9T",42.146,-87.208,"EN62jd",1070,172,352,14097083,13,-16,0,"2.4.0",1
3845339167,"2022-01-26 19:44:00",14,"WA2TP",40.854,-73.042,"FN30lu","KR9T",42.146,-87.208,"EN62jd",1187,92,281,14097081,13,-7,0,"WD_2.10k",1
3845339177,"2022-01-26 19:44:00",14,"N6GN/K",40.604,-105.208,"DN70jo","KR9T",42.146,-87.208,"EN62jd",1509,270,77,14097080,13,-9,0,"WD_2.10k",1
3845339584,"2022-01-26 19:44:00",14,"WZ7I",40.438,-75.125,"FN20kk","KR9T",42.146,-87.208,"EN62jd",1026,97,284,14097062,13,-21,0,"CWSL_DIGI",1
3845339608,"2022-01-26 19:44:00",14,"AB1YX",43.896,-69.958,"FN53av","KR9T",42.146,-87.208,"EN62jd",1413,76,268,14097098,13,-19,0,"0.2r_wsprd",1
3845339680,"2022-01-26 19:44:00",14,"KX4AZ/T",44.104,-85.458,"EN74gc","KR9T",42.146,-87.208,"EN62jd",260,33,213,14097081,13,-24,0,"WD_2.10k",1
3845339837,"2022-01-26 19:44:00",14,"K4IQJ",32.563,-85.458,"EM72gn","KR9T",42.146,-87.208,"EN62jd",1077,171,352,14097084,13,-18,0,"2.2.2",1
3845340089,"2022-01-26 19:44:00",14,"W1BW-1",41.229,-70.125,"FN41wf","KR9T",42.146,-87.208,"EN62jd",1420,88,279,14097086,13,-17,0,"",1
3845340309,"2022-01-26 19:44:00",14,"WO7I",40.938,-117.792,"DN10cw","KR9T",42.146,-87.208,"EN62jd",2535,277,76,14097080,13,-16,0,"WD_2.10k",1
3845340468,"2022-01-26 19:44:00",14,"KPH",38.104,-122.958,"CM88mc","KR9T",42.146,-87.208,"EN62jd",3050,274,70,14097080,13,-14,0,"WD_2.10k",1
3845340689,"2022-01-26 19:44:00",14,"KD9QZO",42.354,-88.042,"EN52xi","KR9T",42.146,-87.208,"EN62jd",72,289,108,14097081,13,-23,0,"2.5.2",1
3845341128,"2022-01-26 19:44:00",14,"KM3T",42.813,-71.625,"FN42et","KR9T",42.146,-87.208,"EN62jd",1278,81,271,14097072,13,-7,0,"CWSL_DIGI",1
3845341136,"2022-01-26 19:44:00",14,"KA7OEI-1",41.604,-112.292,"DN31uo","KR9T",42.146,-87.208,"EN62jd",2070,277,79,14097079,13,-7,0,"WD_2.10k",1
3845341474,"2022-01-26 19:44:00",14,"VE4KRK",49.854,-97.458,"EN19gu","KR9T",42.146,-87.208,"EN62jd",1165,321,133,14097081,13,-14,0,"1.3 Kiwi",1
3845341595,"2022-01-26 19:44:00",14,"KB9AMG",42.979,-88.375,"EN52tx","KR9T",42.146,-87.208,"EN62jd",133,315,133,14097081,13,-14,0,"1.6.1-deve",1
3845341611,"2022-01-26 19:44:00",14,"N4TTN",35.521,-78.708,"FM05pm","KR9T",42.146,-87.208,"EN62jd",1040,132,317,14097082,13,-15,0,"1.3 Kiwi",1
3845341686,"2022-01-26 19:44:00",14,"W2GNN",40.313,-74.625,"FN20qh","KR9T",42.146,-87.208,"EN62jd",1071,97,285,14097122,13,-9,0,"",1
3845337120,"2022-01-26 19:44:00",14,"K4JOP",32.604,-85.458,"EM72go","KR9T",42.146,-87.208,"EN62jd",1072,171,352,14097096,13,-13,0,"2.5.4",1
3845341904,"2022-01-26 19:46:00",14,"K4JOP",32.604,-85.458,"EM72go","KR9T",42.063,-86.958,"EN62mb",1060,172,353,14097096,30,-12,0,"2.5.4",1
3845345427,"2022-01-26 19:46:00",14,"KPH",38.104,-122.958,"CM88mc","KR9T",42.063,-86.958,"EN62mb",3071,274,70,14097080,30,-17,0,"WD_2.10k",1
3845342378,"2022-01-26 19:46:00",14,"AA6DY",42.188,-87.792,"EN62ce","KR9T",42.063,-86.958,"EN62mb",70,282,101,14097083,30,-4,0,"2.1.0",1
3845342583,"2022-01-26 19:46:00",14,"WY1U",41.479,-72.875,"FN31nl","KR9T",42.063,-86.958,"EN62mb",1168,88,277,14097080,30,-20,0,"2.0.0",1
3845342641,"2022-01-26 19:46:00",14,"K4COD",33.104,-84.458,"EM73sc","KR9T",42.063,-86.958,"EN62mb",1020,167,348,14097081,30,-7,0,"2.1.2",1
3845342703,"2022-01-26 19:46:00",14,"KB9LM",42.188,-87.792,"EN62ce","KR9T",42.063,-86.958,"EN62mb",70,282,101,14097081,30,-5,0,"2.3.0",1
3845342745,"2022-01-26 19:46:00",14,"KI5CEA",38.354,-104.708,"DM78pi","KR9T",42.063,-86.958,"EN62mb",1559,261,69,14097082,30,-17,-1,"2.5.4",1
3845342773,"2022-01-26 19:46:00",14,"W5CSR",31.188,-89.625,"EM51ee","KR9T",42.063,-86.958,"EN62mb",1232,192,10,14097087,30,-19,0,"2.3.1",1
3845342183,"2022-01-26 19:46:00",14,"K5XL",32.646,-97.125,"EM12kp","KR9T",42.063,-86.958,"EN62mb",1378,224,37,14097080,30,-16,0,"2.5.1",1
3845343196,"2022-01-26 19:46:00",14,"K5AZZ",31.854,-106.625,"DM61qu","KR9T",42.063,-86.958,"EN62mb",2076,243,51,14097082,30,-26,0,"2.5.2",1
3845343779,"2022-01-26 19:46:00",14,"WB8SCG",36.896,-76.625,"FM16qv","KR9T",42.063,-86.958,"EN62mb",1056,120,306,14097079,30,-11,0,"2.5.0",1
3845344199,"2022-01-26 19:46:00",14,"N6GN/K",40.604,-105.208,"DN70jo","KR9T",42.063,-86.958,"EN62mb",1529,270,77,14097080,30,-8,0,"WD_2.10k",1
3845344217,"2022-01-26 19:46:00",14,"KL7L",61.646,-149.292,"BP51ip","KR9T",42.063,-86.958,"EN62mb",4573,320,88,14097085,30,-18,0,"2.5.0",1
3845344267,"2022-01-26 19:46:00",14,"N1PCE",44.354,-71.625,"FN44ei","KR9T",42.063,-86.958,"EN62mb",1267,73,263,14097111,30,-20,0,"2.4.0",1
3845344334,"2022-01-26 19:46:00",14,"KPH/N",38.104,-122.958,"CM88mc","KR9T",42.063,-86.958,"EN62mb",3071,274,70,14097082,30,-27,0,"",1
3845344427,"2022-01-26 19:46:00",14,"K4IQJ",32.563,-85.458,"EM72gn","KR9T",42.063,-86.958,"EN62mb",1065,172,353,14097084,30,-10,0,"2.2.2",1
3845344428,"2022-01-26 19:46:00",14,"WA2TP",40.854,-73.042,"FN30lu","KR9T",42.063,-86.958,"EN62mb",1166,92,281,14097081,30,-7,0,"WD_2.10k",1
3845344515,"2022-01-26 19:46:00",14,"KK7AMW",47.521,-122.042,"CN87xm","KR9T",42.063,-86.958,"EN62mb",2809,295,89,14096992,30,-19,0,"WD_2.10k",1
3845344676,"2022-01-26 19:46:00",14,"W1BW-1",41.229,-70.125,"FN41wf","KR9T",42.063,-86.958,"EN62mb",1400,88,279,14097086,30,-17,0,"",1
3845344950,"2022-01-26 19:46:00",14,"N4TTN",35.521,-78.708,"FM05pm","KR9T",42.063,-86.958,"EN62mb",1019,133,318,14097082,30,-15,0,"1.3 Kiwi",1
3845345067,"2022-01-26 19:46:00",14,"K1YZY",41.729,-70.042,"FN41xr","KR9T",42.063,-86.958,"EN62mb",1398,86,277,14097059,30,-17,0,"2.0_r1714",1
3845345107,"2022-01-26 19:46:00",14,"WO7I",40.938,-117.792,"DN10cw","KR9T",42.063,-86.958,"EN62mb",2557,278,76,14097081,30,-25,0,"WD_2.10k",1
3845345264,"2022-01-26 19:46:00",14,"AG7YP",45.646,-111.042,"DN45lp","KR9T",42.063,-86.958,"EN62mb",1964,290,93,14097079,30,-25,0,"WD_2.10k",1
3845365475,"2022-01-26 19:46:00",14,"AI6VN/KH6",20.979,-156.542,"BL10rx","KR9T",42.063,-86.958,"EN62mb",6806,273,52,14097083,30,-29,0,"WD_3.0a",1
3845345878,"2022-01-26 19:46:00",14,"KM3T",42.813,-71.625,"FN42et","KR9T",42.063,-86.958,"EN62mb",1259,81,271,14097072,30,-9,0,"CWSL_DIGI",1
3845345922,"2022-01-26 19:46:00",14,"AB1KW",43.188,-71.542,"FN43fe","KR9T",42.063,-86.958,"EN62mb",1266,79,269,14097081,30,-11,0,"DS_0.34.1",1
3845346305,"2022-01-26 19:46:00",14,"KA7OEI-1",41.604,-112.292,"DN31uo","KR9T",42.063,-86.958,"EN62mb",2092,277,80,14097080,30,-7,0,"WD_2.10k",1
3845346404,"2022-01-26 19:46:00",14,"KB9AMG",42.979,-88.375,"EN52tx","KR9T",42.063,-86.958,"EN62mb",154,312,130,14097081,30,-10,0,"1.6.1-deve",1
3845346749,"2022-01-26 19:46:00",14,"VE4KRK",49.854,-97.458,"EN19gu","KR9T",42.063,-86.958,"EN62mb",1185,321,132,14097081,30,-17,0,"1.3 Kiwi",1
3845343084,"2022-01-26 19:46:00",14,"W4ERJ",33.563,-81.708,"EM93dn","KR9T",42.063,-86.958,"EN62mb",1051,152,335,14097105,30,-17,0,"2.2.1",1
3845388257,"2022-01-26 20:04:00",10,"KX4O",38.646,-77.792,"FM18cp","KR9T",41.479,-87.042,"EN61",847,109,294,10140122,17,-28,0,"WD_2.10k",1
3845385458,"2022-01-26 20:04:00",10,"N2ADV",43.021,-75.625,"FN23ea","KR9T",41.479,-87.042,"EN61",954,76,263,10140134,17,-30,0,"2.5.4",1
3845385703,"2022-01-26 20:04:00",10,"WB3AVN",39.271,-76.792,"FM19og","KR9T",41.479,-87.042,"EN61",902,102,289,10140126,17,-27,0,"2.5.2",1
3845386502,"2022-01-26 20:04:00",10,"N2NOM",42.271,-75.875,"FN22bg","KR9T",41.479,-87.042,"EN61",928,81,268,10140122,17,-26,0,"2.5.4",1
3845386517,"2022-01-26 20:04:00",10,"AL7DS",41.563,-87.875,"EN61bn","KR9T",41.479,-87.042,"EN61",70,278,97,10140114,17,-27,0,"2.3.0",1
3845386946,"2022-01-26 20:04:00",10,"WA3TTS",40.563,-80.042,"EN90xn","KR9T",41.479,-87.042,"EN61",596,98,282,10140125,17,-27,0,"2.5.0",1
3845385366,"2022-01-26 20:04:00",10,"WD4ELG",36.188,-79.875,"FM06be","KR9T",41.479,-87.042,"EN61",855,131,315,10140119,17,-25,0,"2.5.0",1
3845388538,"2022-01-26 20:04:00",10,"AB1KW",43.188,-71.542,"FN43fe","KR9T",41.479,-87.042,"EN61",1286,76,266,10140121,17,-25,0,"DS_0.34.1",1
3845389500,"2022-01-26 20:06:00",10,"WB3AVN",39.271,-76.792,"FM19og","KR9T",41.979,-86.792,"EN61ox",895,106,292,10140126,7,-27,0,"2.5.2",1
3845390804,"2022-01-26 20:06:00",10,"WD4ELG",36.188,-79.875,"FM06be","KR9T",41.979,-86.792,"EN61ox",878,135,319,10140119,7,-24,0,"2.5.0",1
3845392407,"2022-01-26 20:06:00",10,"WA2TP",40.854,-73.042,"FN30lu","KR9T",41.979,-86.792,"EN61ox",1152,92,280,10140121,7,-22,0,"WD_2.10k",1
3845392796,"2022-01-26 20:06:00",10,"KD2OM",42.979,-77.458,"FN12gx","KR9T",41.979,-86.792,"EN61ox",773,79,264,10140118,7,-28,0,"WD_2.10k",1
3845410186,"2022-01-26 20:14:00",14,"KA8BRK",41.104,-83.542,"EN81fc","KR9T",41.979,-86.792,"EN61ox",287,109,290,14097017,17,-29,0,"2.1.2",1
3845413337,"2022-01-26 20:14:00",14,"WO7I",40.938,-117.792,"DN10cw","KR9T",41.979,-86.792,"EN61ox",2572,278,77,14097015,17,-17,-1,"WD_2.10k",1
3845410258,"2022-01-26 20:14:00",14,"K4JOP",32.604,-85.458,"EM72go","KR9T",41.979,-86.792,"EN61ox",1049,173,353,14097031,17,-15,-1,"2.5.4",1
3845410294,"2022-01-26 20:14:00",14,"N8OWY",41.938,-87.708,"EN61dw","KR9T",41.979,-86.792,"EN61ox",76,267,86,14097019,17,-17,0,"2.1.2",1
3845410301,"2022-01-26 20:14:00",14,"KD2LZI",42.813,-74.208,"FN22vt","KR9T",41.979,-86.792,"EN61ox",1036,81,269,14097209,17,-14,0,"",1
3845410586,"2022-01-26 20:14:00",14,"W1QG",37.271,-122.042,"CM87xg","KR9T",41.979,-86.792,"EN61ox",3042,272,69,14097006,17,-19,0,"2.3.1",1
3845410633,"2022-01-26 20:14:00",14,"WD0E",39.521,-104.625,"DM79qm","KR9T",41.979,-86.792,"EN61ox",1524,266,73,14097025,17,-9,0,"2.1.2",1
3845410696,"2022-01-26 20:14:00",14,"KB9LM",42.188,-87.792,"EN62ce","KR9T",41.979,-86.792,"EN61ox",86,286,105,14097016,17,-3,0,"2.3.0",1
3845410722,"2022-01-26 20:14:00",14,"KN4NBI",36.813,-76.125,"FM16wt","KR9T",41.979,-86.792,"EN61ox",1080,119,305,14097027,17,-24,0,"2.1.0",1
3845410241,"2022-01-26 20:14:00",14,"K4COD",33.104,-84.458,"EM73sc","KR9T",41.979,-86.792,"EN61ox",1008,167,348,14097016,17,-9,0,"2.1.2",1
3845410966,"2022-01-26 20:14:00",14,"KI5CEA",38.354,-104.708,"DM78pi","KR9T",41.979,-86.792,"EN61ox",1572,261,69,14097016,17,-18,-1,"2.5.4",1
3845411147,"2022-01-26 20:14:00",14,"K4EH",33.438,-84.625,"EM73qk","KR9T",41.979,-86.792,"EN61ox",969,168,349,14097016,17,-19,0,"2.1.2",1
3845411181,"2022-01-26 20:14:00",14,"WY1U",41.479,-72.875,"FN31nl","KR9T",41.979,-86.792,"EN61ox",1155,88,277,14097016,17,-17,0,"2.0.0",1
3845411327,"2022-01-26 20:14:00",14,"W4ERJ",33.563,-81.708,"EM93dn","KR9T",41.979,-86.792,"EN61ox",1037,153,336,14097040,17,-13,-1,"2.2.1",1
3845411380,"2022-01-26 20:14:00",14,"WB8SCG",36.896,-76.625,"FM16qv","KR9T",41.979,-86.792,"EN61ox",1039,120,306,14097015,17,-21,0,"2.5.0",1
3845411552,"2022-01-26 20:14:00",14,"AA6DY",42.188,-87.792,"EN62ce","KR9T",41.979,-86.792,"EN61ox",86,286,105,14097018,17,-7,0,"2.1.0",1
3845411745,"2022-01-26 20:14:00",14,"WA5DJJ",32.313,-106.708,"DM62ph","KR9T",41.979,-86.792,"EN61ox",2059,245,52,14097016,17,-22,0,"2.5.4",1
3845411888,"2022-01-26 20:14:00",14,"K5XL",32.646,-97.125,"EM12kp","KR9T",41.979,-86.792,"EN61ox",1381,225,38,14097015,17,-17,0,"2.5.1",1
3845411923,"2022-01-26 20:14:00",14,"W4HOD",32.604,-85.625,"EM72eo","KR9T",41.979,-86.792,"EN61ox",1048,174,354,14097019,17,-18,0,"2.4.0",1
3845412287,"2022-01-26 20:14:00",14,"N6GN/K",40.604,-105.208,"DN70jo","KR9T",41.979,-86.792,"EN61ox",1543,270,78,14097015,17,-11,0,"WD_2.10k",1
3845412318,"2022-01-26 20:14:00",14,"K4IQJ",32.563,-85.458,"EM72gn","KR9T",41.979,-86.792,"EN61ox",1054,173,353,14097019,17,-9,0,"2.2.2",1
3845412351,"2022-01-26 20:14:00",14,"WA2TP",40.854,-73.042,"FN30lu","KR9T",41.979,-86.792,"EN61ox",1152,92,280,14097016,17,-5,0,"WD_2.10k",1
3845412477,"2022-01-26 20:14:00",14,"N4TTN",35.521,-78.708,"FM05pm","KR9T",41.979,-86.792,"EN61ox",1003,133,318,14097017,17,-12,-1,"1.3 Kiwi",1
3845412603,"2022-01-26 20:14:00",14,"W1BW-1",41.229,-70.125,"FN41wf","KR9T",41.979,-86.792,"EN61ox",1386,88,278,14097021,17,-18,0,"",1
3845412700,"2022-01-26 20:14:00",14,"KX4AZ/T",44.104,-85.458,"EN74gc","KR9T",41.979,-86.792,"EN61ox",260,24,205,14097016,17,-25,0,"WD_2.10k",1
3845412730,"2022-01-26 20:14:00",14,"N1PCE",44.354,-71.625,"FN44ei","KR9T",41.979,-86.792,"EN61ox",1256,73,263,14097044,17,-22,0,"2.4.0",1
3845412933,"2022-01-26 20:14:00",14,"WZ7I",40.438,-75.125,"FN20kk","KR9T",41.979,-86.792,"EN61ox",990,96,283,14096997,17,-16,0,"CWSL_DIGI",1
3845413040,"2022-01-26 20:14:00",14,"KM3T",42.813,-71.625,"FN42et","KR9T",41.979,-86.792,"EN61ox",1247,81,270,14097008,17,-6,0,"CWSL_DIGI",1
3845429068,"2022-01-26 20:14:00",14,"AI6VN/KH6",20.979,-156.542,"BL10rx","KR9T",41.896,-86.708,"EN61pv",6827,273,52,14097019,17,-23,0,"WD_3.0a",1
3845413434,"2022-01-26 20:14:00",14,"AB1KW",43.188,-71.542,"FN43fe","KR9T",41.979,-86.792,"EN61ox",1254,79,269,14097016,17,-10,0,"DS_0.34.1",1
3845413569,"2022-01-26 20:14:00",14,"KPH",38.104,-122.958,"CM88mc","KR9T",41.979,-86.792,"EN61ox",3086,274,70,14097015,17,-20,-1,"WD_2.10k",1
3845413758,"2022-01-26 20:14:00",14,"KB9AMG",42.979,-88.375,"EN52tx","KR9T",41.979,-86.792,"EN61ox",171,311,130,14097016,17,-14,0,"1.6.1-deve",1
3845413800,"2022-01-26 20:14:00",14,"KA7OEI-1",41.604,-112.292,"DN31uo","KR9T",41.979,-86.792,"EN61ox",2107,277,80,14097004,17,-25,0,"WD_2.10k",1
3845414065,"2022-01-26 20:14:00",14,"VE4KRK",49.854,-97.458,"EN19gu","KR9T",41.979,-86.792,"EN61ox",1201,320,132,14097016,17,-17,-1,"1.3 Kiwi",1
3845414268,"2022-01-26 20:14:00",14,"W1CLM",40.104,-88.292,"EN50uc","KR9T",41.979,-86.792,"EN61ox",243,212,30,14097015,17,-26,0,"1.3 Kiwi",1
3845410833,"2022-01-26 20:14:00",14,"WA4CQG",32.604,-85.542,"EM72fo","KR9T",41.979,-86.792,"EN61ox",1048,174,354,14097014,17,-18,-1,"2.5.4",1
3845417875,"2022-01-26 20:16:00",14,"KPH",38.104,-122.958,"CM88mc","KR9T",41.896,-86.708,"EN61pv",3093,274,70,14097015,27,-25,0,"WD_2.10k",1
3845435290,"2022-01-26 20:16:00",14,"AI6VN/KH6",20.979,-156.542,"BL10rx","KR9T",41.896,-86.708,"EN61pv",6827,273,52,14097018,27,-25,0,"WD_3.0a",1
3845414577,"2022-01-26 20:16:00",14,"WA4CQG",32.604,-85.542,"EM72fo","KR9T",41.896,-86.708,"EN61pv",1038,174,354,14097013,27,-23,0,"2.5.4",1
3845414667,"2022-01-26 20:16:00",14,"KB9LM",42.188,-87.792,"EN62ce","KR9T",41.896,-86.708,"EN61pv",95,290,109,14097016,27,-3,0,"2.3.0",1
3845414824,"2022-01-26 20:16:00",14,"WD0E",39.521,-104.625,"DM79qm","KR9T",41.896,-86.708,"EN61pv",1530,266,74,14097024,27,-19,0,"2.1.2",1
3845414894,"2022-01-26 20:16:00",14,"AA6DY",42.188,-87.792,"EN62ce","KR9T",41.896,-86.708,"EN61pv",95,290,109,14097018,27,-9,0,"2.1.0",1
3845414948,"2022-01-26 20:16:00",14,"NU1T",42.479,-71.042,"FN42","KR9T",41.896,-86.708,"EN61pv",1291,82,272,14097017,27,-22,0,"2.2.158",1
3845415030,"2022-01-26 20:16:00",14,"N8OWY",41.938,-87.708,"EN61dw","KR9T",41.896,-86.708,"EN61pv",83,274,92,14097019,27,-16,0,"2.1.2",1
3845415141,"2022-01-26 20:16:00",14,"KI5CEA",38.354,-104.708,"DM78pi","KR9T",41.896,-86.708,"EN61pv",1577,262,69,14097016,27,-18,0,"2.5.4",1
3845415426,"2022-01-26 20:16:00",14,"K5XL",32.646,-97.125,"EM12kp","KR9T",41.896,-86.708,"EN61pv",1379,225,38,14097015,27,-19,0,"2.5.1",1
3845415662,"2022-01-26 20:16:00",14,"WY1U",41.479,-72.875,"FN31nl","KR9T",41.896,-86.708,"EN61pv",1148,88,276,14097016,27,-19,0,"2.0.0",1
3845415866,"2022-01-26 20:16:00",14,"W4HOD",32.604,-85.625,"EM72eo","KR9T",41.896,-86.708,"EN61pv",1038,174,355,14097018,27,-22,0,"2.4.0",1
3845416085,"2022-01-26 20:16:00",14,"W4ERJ",33.563,-81.708,"EM93dn","KR9T",41.896,-86.708,"EN61pv",1025,153,336,14097040,27,-14,0,"2.2.1",1
3845416275,"2022-01-26 20:16:00",14,"KL7L",61.646,-149.292,"BP51ip","KR9T",41.896,-86.708,"EN61pv",4600,320,88,14097020,27,-27,0,"2.5.0",1
3845416603,"2022-01-26 20:16:00",14,"N6GN/K",40.604,-105.208,"DN70jo","KR9T",41.896,-86.708,"EN61pv",1550,271,78,14097015,27,-16,0,"WD_2.10k",1
3845416684,"2022-01-26 20:16:00",14,"K4IQJ",32.563,-85.458,"EM72gn","KR9T",41.896,-86.708,"EN61pv",1044,174,354,14097019,27,-16,0,"2.2.2",1
3845416802,"2022-01-26 20:16:00",14,"WA2TP",40.854,-73.042,"FN30lu","KR9T",41.896,-86.708,"EN61pv",1145,91,280,14097016,27,-8,0,"WD_2.10k",1
3845416813,"2022-01-26 20:16:00",14,"W5CSR",31.188,-89.625,"EM51ee","KR9T",41.896,-86.708,"EN61pv",1219,193,11,14097021,27,-10,0,"2.3.1",1
3845416922,"2022-01-26 20:16:00",14,"W1BW-1",41.229,-70.125,"FN41wf","KR9T",41.896,-86.708,"EN61pv",1380,88,278,14097021,27,-22,0,"",1
3845416947,"2022-01-26 20:16:00",14,"KX4AZ/T",44.104,-85.458,"EN74gc","KR9T",41.896,-86.708,"EN61pv",266,22,202,14097016,27,-27,0,"WD_2.10k",1
3845417133,"2022-01-26 20:16:00",14,"WA5DJJ",32.313,-106.708,"DM62ph","KR9T",41.896,-86.708,"EN61pv",2061,245,53,14097015,27,-26,0,"2.5.4",1
3845417332,"2022-01-26 20:16:00",14,"WO7I",40.938,-117.792,"DN10cw","KR9T",41.896,-86.708,"EN61pv",2580,278,77,14097015,27,-24,0,"WD_2.10k",1
3845417455,"2022-01-26 20:16:00",14,"AG7YP",45.646,-111.042,"DN45lp","KR9T",41.896,-86.708,"EN61pv",1990,290,93,14097015,27,-26,0,"WD_2.10k",1
3845417605,"2022-01-26 20:16:00",14,"EA8BFK",28.604,-13.875,"IL38bo","KR9T",41.896,-86.708,"EN61pv",6579,78,304,14097019,27,-28,0,"WD_2.10k",1
3845417650,"2022-01-26 20:16:00",14,"WZ7I",40.438,-75.125,"FN20kk","KR9T",41.896,-86.708,"EN61pv",982,96,283,14096997,27,-22,0,"CWSL_DIGI",1
3845414381,"2022-01-26 20:16:00",14,"KN4NBI",36.813,-76.125,"FM16wt","KR9T",41.896,-86.708,"EN61pv",1070,118,305,14097027,27,-25,0,"2.1.0",1
3845418081,"2022-01-26 20:16:00",14,"KB9AMG",42.979,-88.375,"EN52tx","KR9T",41.896,-86.708,"EN61pv",182,312,130,14097015,27,-30,0,"1.6.1-deve",1
3845418181,"2022-01-26 20:16:00",14,"KM3T",42.813,-71.625,"FN42et","KR9T",41.896,-86.708,"EN61pv",1242,80,270,14097007,27,-8,0,"CWSL_DIGI",1
3845418273,"2022-01-26 20:16:00",14,"VE4KRK",49.854,-97.458,"EN19gu","KR9T",41.896,-86.708,"EN61pv",1212,321,132,14097016,27,-22,0,"1.3 Kiwi",1
3845418405,"2022-01-26 20:16:00",14,"N4TTN",35.521,-78.708,"FM05pm","KR9T",41.896,-86.708,"EN61pv",991,133,318,14097017,27,-11,0,"1.3 Kiwi",1
3845418531,"2022-01-26 20:16:00",14,"W2GNN",40.313,-74.625,"FN20qh","KR9T",41.896,-86.708,"EN61pv",1027,96,283,14097057,27,-21,0,"",1
3845414505,"2022-01-26 20:16:00",14,"K4JOP",32.604,-85.458,"EM72go","KR9T",41.896,-86.708,"EN61pv",1039,174,354,14097031,27,-14,0,"2.5.4",1
3845458505,"2022-01-26 20:34:00",10,"WB3AVN",39.271,-76.792,"FM19og","KR9T",41.896,-86.708,"EN61pv",886,106,292,10140248,20,-27,1,"2.5.2",1
3845458914,"2022-01-26 20:34:00",10,"N2ADV",43.021,-75.625,"FN23ea","KR9T",41.896,-86.708,"EN61pv",917,78,265,10140257,20,-25,0,"2.5.4",1
3845459138,"2022-01-26 20:34:00",10,"N2NOM",42.271,-75.875,"FN22bg","KR9T",41.896,-86.708,"EN61pv",894,84,270,10140245,20,-25,0,"2.5.4",1
3845460915,"2022-01-26 20:34:00",10,"KD2OM",42.979,-77.458,"FN12gx","KR9T",41.896,-86.708,"EN61pv",768,78,264,10140238,20,-28,0,"WD_2.10k",1
3845461647,"2022-01-26 20:34:00",10,"KX4O",38.646,-77.792,"FM18cp","KR9T",41.896,-86.708,"EN61pv",838,113,298,10140245,20,-25,0,"WD_2.10k",1
3845462773,"2022-01-26 20:36:00",10,"N2NOM",42.271,-75.875,"FN22bg","KR9T",41.813,-86.458,"EN61st",875,83,270,10140245,23,-26,0,"2.5.4",1
3845463068,"2022-01-26 20:36:00",10,"N2ADV",43.021,-75.625,"FN23ea","KR9T",41.813,-86.458,"EN61st",899,78,265,10140257,23,-26,0,"2.5.4",1
3845464955,"2022-01-26 20:36:00",10,"WA2TP",40.854,-73.042,"FN30lu","KR9T",41.813,-86.458,"EN61st",1124,91,279,10140243,23,-25,0,"WD_2.10k",1
3845482520,"2022-01-26 20:44:00",14,"WY1U",41.479,-72.875,"FN31nl","KR9T",41.813,-86.458,"EN61st",1128,87,276,14097166,23,-16,-1,"2.0.0",1
3845484683,"2022-01-26 20:44:00",14,"KB9AMG",42.979,-88.375,"EN52tx","KR9T",41.813,-86.458,"EN61st",204,310,128,14097167,23,-11,0,"1.6.1-deve",1
3845481555,"2022-01-26 20:44:00",14,"NU1T",42.479,-71.042,"FN42","KR9T",41.813,-86.458,"EN61st",1271,81,271,14097168,23,-24,0,"2.2.158",1
3845481593,"2022-01-26 20:44:00",14,"K4JOP",32.604,-85.458,"EM72go","KR9T",41.813,-86.458,"EN61st",1028,175,355,14097182,23,-8,0,"2.5.4",1
3845481652,"2022-01-26 20:44:00",14,"K4COD",33.104,-84.458,"EM73sc","KR9T",41.813,-86.458,"EN61st",984,169,350,14097167,23,-9,0,"2.1.2",1
3845481791,"2022-01-26 20:44:00",14,"AA6DY",42.188,-87.792,"EN62ce","KR9T",41.813,-86.458,"EN61st",118,291,110,14097169,23,-12,0,"2.1.0",1
3845481834,"2022-01-26 20:44:00",14,"W5CSR",31.188,-89.625,"EM51ee","KR9T",41.813,-86.458,"EN61st",1215,194,12,14097173,23,-5,0,"2.3.1",1
3845482150,"2022-01-26 20:44:00",14,"W4HOD",32.604,-85.625,"EM72eo","KR9T",41.813,-86.458,"EN61st",1027,176,356,14097169,23,-13,0,"2.4.0",1
3845482196,"2022-01-26 20:44:00",14,"KB9LM",42.188,-87.792,"EN62ce","KR9T",41.813,-86.458,"EN61st",118,291,110,14097167,23,-7,0,"2.3.0",1
3845482277,"2022-01-26 20:44:00",14,"KD9HOE",39.854,-86.125,"EM69wu","KR9T",41.813,-86.458,"EN61st",220,173,352,14097098,23,-21,0,"2.3.1",1
3845482501,"2022-01-26 20:44:00",14,"KI5CEA",38.354,-104.708,"DM78pi","KR9T",41.813,-86.458,"EN61st",1596,262,70,14097167,23,-21,-1,"2.5.4",1
3845481273,"2022-01-26 20:44:00",14,"KA8BRK",41.104,-83.542,"EN81fc","KR9T",41.813,-86.458,"EN61st",255,107,288,14097168,23,-16,0,"2.1.2",1
3845482693,"2022-01-26 20:44:00",14,"WD0E",39.521,-104.625,"DM79qm","KR9T",41.813,-86.458,"EN61st",1550,267,74,14097176,23,-16,0,"2.1.2",1
3845482744,"2022-01-26 20:44:00",14,"N9BGW",39.688,-86.125,"EM69wq","KR9T",41.813,-86.458,"EN61st",238,173,353,14097168,23,-30,0,"2.2.2",1
3845482779,"2022-01-26 20:44:00",14,"K4IQJ",32.563,-85.458,"EM72gn","KR9T",41.813,-86.458,"EN61st",1032,175,355,14097170,23,-7,0,"2.2.2",1
3845482791,"2022-01-26 20:44:00",14,"K5XL",32.646,-97.125,"EM12kp","KR9T",41.813,-86.458,"EN61st",1387,226,39,14097166,23,-13,0,"2.5.1",1
3845483259,"2022-01-26 20:44:00",14,"N6GN/K",40.604,-105.208,"DN70jo","KR9T",41.813,-86.458,"EN61st",1571,271,78,14097166,23,-9,0,"WD_2.10k",1
3845483339,"2022-01-26 20:44:00",14,"WA2TP",40.854,-73.042,"FN30lu","KR9T",41.813,-86.458,"EN61st",1124,91,279,14097167,23,-1,0,"WD_2.10k",1
3845483379,"2022-01-26 20:44:00",14,"KX4AZ/T",44.104,-85.458,"EN74gc","KR9T",41.813,-86.458,"EN61st",267,17,198,14097165,23,-19,-1,"WD_2.10k",1
3845483705,"2022-01-26 20:44:00",14,"WA5DJJ",32.313,-106.708,"DM62ph","KR9T",41.813,-86.458,"EN61st",2077,246,53,14097167,23,-26,0,"2.5.4",1
3845483913,"2022-01-26 20:44:00",14,"WO7I",40.938,-117.792,"DN10cw","KR9T",41.813,-86.458,"EN61st",2602,278,77,14097165,23,-18,0,"WD_2.10k",1
3845484029,"2022-01-26 20:44:00",14,"KM3T",42.813,-71.625,"FN42et","KR9T",41.813,-86.458,"EN61st",1223,80,269,14097157,23,-10,0,"CWSL_DIGI",1
3845484199,"2022-01-26 20:44:00",14,"W1BW-1",41.229,-70.125,"FN41wf","KR9T",41.813,-86.458,"EN61st",1359,87,278,14097172,23,-13,0,"",1
3845484309,"2022-01-26 20:44:00",14,"KPH",38.104,-122.958,"CM88mc","KR9T",41.813,-86.458,"EN61st",3115,275,70,14097166,23,-16,-1,"WD_2.10k",1
3845484616,"2022-01-26 20:44:00",14,"ND7M",36.229,-116.042,"DM16xf","KR9T",41.813,-86.458,"EN61st",2616,266,67,14097166,23,-23,0,"WD_2.10k",1
3845481288,"2022-01-26 20:44:00",14,"KN4NBI",36.813,-76.125,"FM16wt","KR9T",41.813,-86.458,"EN61st",1047,119,305,14097178,23,-20,0,"2.1.0",1
3845485283,"2022-01-26 20:46:00",14,"AA6DY",42.188,-87.792,"EN62ce","KR9T",41.771,-86.292,"EN61us",132,291,110,14097169,3,-14,0,"2.1.0",1
3845490278,"2022-01-26 20:46:00",14,"ND7M",36.229,-116.042,"DM16xf","KR9T",41.771,-86.292,"EN61us",2629,266,67,14097166,3,-21,0,"WD_2.10k",1
3845485587,"2022-01-26 20:46:00",14,"K4COD",33.104,-84.458,"EM73sc","KR9T",41.771,-86.292,"EN61us",977,170,351,14097167,3,-17,0,"2.1.2",1
3845485623,"2022-01-26 20:46:00",14,"K4JOP",32.604,-85.458,"EM72go","KR9T",41.771,-86.292,"EN61us",1022,176,356,14097182,3,-6,0,"2.5.4",1
3845486031,"2022-01-26 20:46:00",14,"KA8BRK",41.104,-83.542,"EN81fc","KR9T",41.771,-86.292,"EN61us",241,107,288,14097169,3,-16,0,"2.1.2",1
3845486162,"2022-01-26 20:46:00",14,"WD0E",39.521,-104.625,"DM79qm","KR9T",41.771,-86.292,"EN61us",1564,267,74,14097176,3,-7,0,"2.1.2",1
3845486190,"2022-01-26 20:46:00",14,"KI5CEA",38.354,-104.708,"DM78pi","KR9T",41.771,-86.292,"EN61us",1609,262,70,14097167,3,-20,0,"2.5.4",1
3845486195,"2022-01-26 20:46:00",14,"WA4CQG",32.604,-85.542,"EM72fo","KR9T",41.771,-86.292,"EN61us",1021,176,356,14097165,3,-22,0,"2.5.4",1
3845486935,"2022-01-26 20:46:00",14,"N9BGW",39.688,-86.125,"EM69wq","KR9T",41.771,-86.292,"EN61us",232,176,356,14097168,3,-26,0,"2.2.2",1
3845486959,"2022-01-26 20:46:00",14,"K5XL",32.646,-97.125,"EM12kp","KR9T",41.771,-86.292,"EN61us",1394,227,40,14097166,3,-14,0,"2.5.1",1
3845486982,"2022-01-26 20:46:00",14,"KB9LM",42.188,-87.792,"EN62ce","KR9T",41.771,-86.292,"EN61us",132,291,110,14097167,3,-7,0,"2.3.0",1
3845487014,"2022-01-26 20:46:00",14,"N8OWY",41.938,-87.708,"EN61dw","KR9T",41.771,-86.292,"EN61us",119,279,98,14097169,3,-20,0,"2.1.2",1
3845487166,"2022-01-26 20:46:00",14,"KD9HOE",39.854,-86.125,"EM69wu","KR9T",41.771,-86.292,"EN61us",214,176,356,14097098,3,-20,0,"2.3.1",1
3845487173,"2022-01-26 20:46:00",14,"W4ERJ",33.563,-81.708,"EM93dn","KR9T",41.771,-86.292,"EN61us",998,155,337,14097192,3,-10,0,"2.2.1",1
3845487290,"2022-01-26 20:46:00",14,"WY1U",41.479,-72.875,"FN31nl","KR9T",41.771,-86.292,"EN61us",1115,87,276,14097166,3,-15,1,"2.0.0",1
3845487379,"2022-01-26 20:46:00",14,"WA2TP",40.854,-73.042,"FN30lu","KR9T",41.771,-86.292,"EN61us",1110,91,279,14097167,3,2,0,"WD_2.10k",1
3845487400,"2022-01-26 20:46:00",14,"W5CSR",31.188,-89.625,"EM51ee","KR9T",41.771,-86.292,"EN61us",1214,195,13,14097173,3,-17,1,"2.3.1",1
3845487425,"2022-01-26 20:46:00",14,"KK7AMW",47.521,-122.042,"CN87xm","KR9T",41.771,-86.292,"EN61us",2873,295,89,14097080,3,-19,0,"WD_2.10k",1
3845487450,"2022-01-26 20:46:00",14,"W4HOD",32.604,-85.625,"EM72eo","KR9T",41.771,-86.292,"EN61us",1021,176,356,14097170,3,-12,0,"2.4.0",1
3845487458,"2022-01-26 20:46:00",14,"N1PCE",44.354,-71.625,"FN44ei","KR9T",41.771,-86.292,"EN61us",1224,71,261,14097196,3,-18,0,"2.4.0",1
3845487790,"2022-01-26 20:46:00",14,"N6GN/K",40.604,-105.208,"DN70jo","KR9T",41.771,-86.292,"EN61us",1585,272,79,14097166,3,-7,0,"WD_2.10k",1
3845488027,"2022-01-26 20:46:00",14,"K4IQJ",32.563,-85.458,"EM72gn","KR9T",41.771,-86.292,"EN61us",1027,176,356,14097170,3,-9,0,"2.2.2",1
3845488142,"2022-01-26 20:46:00",14,"KX4AZ/T",44.104,-85.458,"EN74gc","KR9T",41.771,-86.292,"EN61us",268,14,194,14097165,3,-19,0,"WD_2.10k",1
3845488789,"2022-01-26 20:46:00",14,"W1BW-1",41.229,-70.125,"FN41wf","KR9T",41.771,-86.292,"EN61us",1346,87,277,14097172,3,-13,0,"",1
3845488796,"2022-01-26 20:46:00",14,"WO7I",40.938,-117.792,"DN10cw","KR9T",41.771,-86.292,"EN61us",2616,279,77,14097166,3,-21,0,"WD_2.10k",1
3845489293,"2022-01-26 20:46:00",14,"KPH",38.104,-122.958,"CM88mc","KR9T",41.771,-86.292,"EN61us",3129,275,70,14097166,3,-15,0,"WD_2.10k",1
3845489602,"2022-01-26 20:46:00",14,"KM3T",42.813,-71.625,"FN42et","KR9T",41.771,-86.292,"EN61us",1210,80,269,14097157,3,-8,0,"CWSL_DIGI",1
3845485181,"2022-01-26 20:46:00",14,"KN4NBI",36.813,-76.125,"FM16wt","KR9T",41.771,-86.292,"EN61us",1033,119,305,14097178,3,-21,0,"2.1.0",1
3845529267,"2022-01-26 21:04:00",10,"N2ADV",43.021,-75.625,"FN23ea","KR9T",41.771,-86.292,"EN61us",886,77,264,10140252,23,-27,-1,"2.5.4",1
3845530004,"2022-01-26 21:04:00",10,"WB3AVN",39.271,-76.792,"FM19og","KR9T",41.771,-86.292,"EN61us",849,106,292,10140242,23,-28,0,"2.5.2",1
3845531219,"2022-01-26 21:04:00",10,"WZ7I",40.438,-75.125,"FN20kk","KR9T",41.771,-86.292,"EN61us",947,95,282,10140175,23,-25,0,"CWSL_DIGI",1
3845531833,"2022-01-26 21:04:00",10,"KD2OM",42.979,-77.458,"FN12gx","KR9T",41.771,-86.292,"EN61us",738,77,262,10140237,23,-23,-1,"WD_2.10k",1
3845532742,"2022-01-26 21:04:00",10,"KA7OEI-1",41.604,-112.292,"DN31uo","KR9T",41.771,-86.292,"EN61us",2151,278,80,10140230,23,-27,0,"WD_2.10k",1
3845533668,"2022-01-26 21:06:00",10,"WD4ELG",36.188,-79.875,"FM06be","KR9T",41.688,-86.042,"EN61xq",811,137,320,10140235,53,-25,-1,"2.5.0",1
3845535961,"2022-01-26 21:06:00",10,"WA2TP",40.854,-73.042,"FN30lu","KR9T",41.688,-86.042,"EN61xq",1089,91,279,10140237,53,-24,-1,"WD_2.10k",1
3845536197,"2022-01-26 21:06:00",10,"N6GN/K",40.604,-105.208,"DN70jo","KR9T",41.688,-86.042,"EN61xq",1606,272,79,10140236,53,-27,-1,"WD_2.10k",1
3845537100,"2022-01-26 21:06:00",10,"KD2OM",42.979,-77.458,"FN12gx","KR9T",41.688,-86.042,"EN61xq",720,76,261,10140236,53,-23,0,"WD_2.10k",1
3845537160,"2022-01-26 21:06:00",10,"WZ7I",40.438,-75.125,"FN20kk","KR9T",41.688,-86.042,"EN61xq",925,95,282,10140175,53,-25,-1,"CWSL_DIGI",1
3845537425,"2022-01-26 21:06:00",10,"AB1KW",43.188,-71.542,"FN43fe","KR9T",41.688,-86.042,"EN61xq",1200,77,266,10140237,53,-25,0,"DS_0.34.1",1
3845537529,"2022-01-26 21:06:00",10,"KX4O",38.646,-77.792,"FM18cp","KR9T",41.688,-86.042,"EN61xq",778,113,298,10140237,53,-25,0,"WD_2.10k",1
3845553430,"2022-01-26 21:14:00",14,"KD9HOE",39.854,-86.125,"EM69wu","KR9T",41.479,-85.042,"EN71",202,207,26,14097040,27,-13,0,"2.3.1",1
3845557066,"2022-01-26 21:14:00",14,"KM3T",42.813,-71.625,"FN42et","KR9T",41.479,-85.042,"EN71",1115,78,266,14097099,27,-8,0,"CWSL_DIGI",1
3845553808,"2022-01-26 21:14:00",14,"N8OWY",41.938,-87.708,"EN61dw","KR9T",41.479,-85.042,"EN71",227,284,102,14097111,27,-23,0,"2.1.2",1
3845553976,"2022-01-26 21:14:00",14,"KB9LM",42.188,-87.792,"EN62ce","KR9T",41.479,-85.042,"EN71",241,290,108,14097109,27,-11,0,"2.3.0",1
3845554454,"2022-01-26 21:14:00",14,"N9BGW",39.688,-86.125,"EM69wq","KR9T",41.479,-85.042,"EN71",219,205,24,14097109,27,-20,0,"2.2.2",1
3845554831,"2022-01-26 21:14:00",14,"K5XL",32.646,-97.125,"EM12kp","KR9T",41.479,-85.042,"EN71",1451,231,43,14097108,27,-6,0,"2.5.1",1
3845554940,"2022-01-26 21:14:00",14,"K4IQJ",32.563,-85.458,"EM72gn","KR9T",41.479,-85.042,"EN71",992,182,2,14097111,27,-10,0,"2.2.2",1
3845553687,"2022-01-26 21:14:00",14,"AA6DY",42.188,-87.792,"EN62ce","KR9T",41.479,-85.042,"EN71",241,290,108,14097111,27,-16,0,"2.1.0",1
3845555054,"2022-01-26 21:14:00",14,"N1PCE",44.354,-71.625,"FN44ei","KR9T",41.479,-85.042,"EN71",1137,69,258,14097137,27,-17,0,"2.4.0",1
3845555463,"2022-01-26 21:14:00",14,"N6GN/K",40.604,-105.208,"DN70jo","KR9T",41.479,-85.042,"EN71",1690,273,80,14097107,27,-4,0,"WD_2.10k",1
3845555483,"2022-01-26 21:14:00",14,"KK7AMW",47.521,-122.042,"CN87xm","KR9T",41.479,-85.042,"EN71",2980,296,89,14097021,27,-18,0,"WD_2.10k",1
3845556614,"2022-01-26 21:14:00",14,"W1BW-1",41.229,-70.125,"FN41wf","KR9T",41.479,-85.042,"EN71",1244,86,276,14097113,27,-12,0,"",1
3845556883,"2022-01-26 21:14:00",14,"KPH",38.104,-122.958,"CM88mc","KR9T",41.479,-85.042,"EN71",3235,276,71,14097108,27,-17,1,"WD_2.10k",1
3845555036,"2022-01-26 21:14:00",14,"W5CSR",31.188,-89.625,"EM51ee","KR9T",41.479,-85.042,"EN71",1215,201,18,14097114,27,-10,0,"2.3.1",1
3845558160,"2022-01-26 21:16:00",14,"KA8BRK",41.104,-83.542,"EN81fc","KR9T",41.604,-85.958,"EN71ao",209,105,286,14097110,13,-12,0,"2.1.2",1
3845558619,"2022-01-26 21:16:00",14,"KL7L",61.646,-149.292,"BP51ip","KR9T",41.604,-85.958,"EN71ao",4665,321,88,14097112,13,-19,0,"2.5.0",1
3845558709,"2022-01-26 21:16:00",14,"KD9HOE",39.854,-86.125,"EM69wu","KR9T",41.604,-85.958,"EN71ao",195,184,4,14097040,13,-14,1,"2.3.1",1
3845559071,"2022-01-26 21:16:00",14,"KB9LM",42.188,-87.792,"EN62ce","KR9T",41.604,-85.958,"EN71ao",165,294,112,14097110,13,-8,0,"2.3.0",1
3845559486,"2022-01-26 21:16:00",14,"W5CSR",31.188,-89.625,"EM51ee","KR9T",41.604,-85.958,"EN71ao",1204,197,14,14097114,13,-8,0,"2.3.1",1
3845561357,"2022-01-26 21:16:00",14,"KA7OEI-1",41.604,-112.292,"DN31uo","KR9T",41.604,-85.958,"EN71ao",2181,279,81,14097107,13,-13,1,"WD_2.10k",1
3845559991,"2022-01-26 21:16:00",14,"K4IQJ",32.563,-85.458,"EM72gn","KR9T",41.604,-85.958,"EN71ao",1006,177,357,14097111,13,-10,0,"2.2.2",1
3845560218,"2022-01-26 21:16:00",14,"N1PCE",44.354,-71.625,"FN44ei","KR9T",41.604,-85.958,"EN71ao",1204,70,260,14097138,13,-17,1,"2.4.0",1
3845560767,"2022-01-26 21:16:00",14,"W1BW-1",41.229,-70.125,"FN41wf","KR9T",41.604,-85.958,"EN71ao",1319,87,277,14097113,13,-12,0,"",1
3845561137,"2022-01-26 21:16:00",14,"EA8BFK",28.604,-13.875,"IL38bo","KR9T",41.604,-85.958,"EN71ao",6525,78,303,14097109,13,-10,1,"WD_2.10k",1
3845559919,"2022-01-26 21:16:00",14,"KK7AMW",47.521,-122.042,"CN87xm","KR9T",41.604,-85.958,"EN71ao",2905,295,89,14097022,13,-19,1,"WD_2.10k",1
